{
  "$schema": "https://developer.microsoft.com/json-schemas/core-build/serve.schema.json",
  "port": 4321,
  "https": true,
  "serveConfigurations": {
    "default": {
      "pageUrl": "https://contoso.sharepoint.com/sites/mySite/SitePages/myPage.aspx",
      "customActions": {
        "d50eb447-fa97-42bc-969e-cb6e0c24d946": {
          "location": "ClientSideExtension.ApplicationCustomizer",
          "properties": {
            "groupWhitelist": "IMECDEV Owners"
          }
        }
      }
    },
    "imecRedirectUsers": {
      "pageUrl": "https://contoso.sharepoint.com/sites/mySite/SitePages/myPage.aspx",
      "customActions": {
        "d50eb447-fa97-42bc-969e-cb6e0c24d946": {
          "location": "ClientSideExtension.ApplicationCustomizer",
          "properties": {
            "groupWhitelist": "IMECDEV Owners"
          }
        }
      }
    }
  }
}
