{"id":"d50eb447-fa97-42bc-969e-cb6e0c24d946","alias":"ImecRedirectUsersApplicationCustomizer","componentType":"Extension","extensionType":"ApplicationCustomizer","version":"0.0.1","manifestVersion":2,"requiresCustomScript":false,"loaderConfig":{"entryModuleId":"imec-redirect-users-application-customizer","internalModuleBaseUrls":["<!-- PATH TO CDN -->/"],"scriptResources":{"imec-redirect-users-application-customizer":{"type":"path","path":"imec-redirect-users-application-customizer_76e4b50e144be18f809e9340e6e8f2a5.js"},"ImecRedirectUsersApplicationCustomizerStrings":{"defaultPath":"imec.redirectusers-imecredirectusersapplicationcustomizerstrings_en-us_4a727fd35baa4ada77c6122a44e3fe79.js","type":"localizedPath","paths":{}},"@microsoft/sp-http":{"type":"component","version":"1.9.1","id":"c07208f0-ea3b-4c1a-9965-ac1b825211a6"},"@microsoft/decorators":{"type":"component","version":"1.9.1","id":"f97266fb-ccb7-430e-9384-4124d05295d3"},"@microsoft/sp-core-library":{"type":"component","version":"1.9.1","id":"7263c7d0-1d6a-45ec-8d85-d4d1d234171b"},"@microsoft/sp-application-base":{"type":"component","version":"1.9.1","id":"4df9bb86-ab0a-4aab-ab5f-48bf167048fb"}}}}